recipe_title,lines_hash
4-Bean Chilli,c88d0b4466908bfb
Airfryer Chicken Tikka,b9b5ee3171b51428
Airfryer Hasselback New Potatoes,8de551f02d4d2345
Airfryer Honey Roasted Parsnips,5fa1a18ccfd0f634
Airfryer Roasted Brussel Sprouts,fd3b03f228bc111d
Airfryer Sweet Potato Fries,c741fe8f5c6e1fea
"All-in-one kale & borlotti minestrone with ditalini, chilli oil & pine nuts",c7137bf65b075df4
Aubergine Dal with Mango Chutney,24726ca104b79f92
Aubergine Pilaf with Crispy Halloumi,fae9cb3599ab734d
Aubergine with Coconut Satay Sauce,07b5a590e6dad0dd
"Avocado, Broccoli and Mango Smoothie Bowl",c3a88c30090cda8d
Back-Pocket Stir-Fry,a21fd54af7503a03
Banana Baked Oatmeal,5d938c5b12b082aa
Banana Peanut Butter Smoothie,c0b1ef37073304a8
Beans & Greens Quesadillas,82ef01f5e6d67654
Berry Good Sweet Potato Toast,86b5f7fc03e5ef06
Berry and Banana Smoothie Bowl,d4008d1d7e2d90b1
Berry and Coconut Smoothie Bowl,2b391c68723b4e60
Big Green Noodles,a19d84f24e47f730
Biome Broth,7a4fb2ba9bdd00a0
Biome Stock Pho,9822fb2847e3195d
"Blueberry, Banana and Flaxseed Smoothie Bowl",797dea7e696a7e5a
"Bucatini With Courgettes, Pancetta And Pecorino",4155e84ddf67bd59
Buffalo Chicken Quinoa Salad,60fc2d53f635783d
Buffalo Chickpea Salad,54d43c59086ac06a
Butter Bean Saganaki,c9d3c686b30afba6
Butternut Squash and Quinoa Chilli,80dfa75fb143251c
Cannellini Bean & Leek Miso Soup,7674adc927949adc
Cauliflower Alfredo Linguine With Roasted Asparagus,2e076989a9ceb73d
Cheesy Broccoli Soup,ac12e8a967f34af3
Chicken And Mushroom Risotto,f2a4e540e355b7d4
Chicken Chorizo Creamy Pasta,edc4267b141954cd
"Chicken Teriyaki, Rice and Broccoli",fb379723648f240b
Chickpea & Cauliflower Curry,05e6bd2b8d3b0a23
Chickpea Cookie Dough Bites,ec46f0b914f67d8d
Chickpea Meatballs,b85bd74a6571bccd
Chickpea and Avocado Sandwich,e3c9f73eb0a17733
Chickpea and Tomato Salad with a Spicy Coriander and Basil Salsa,62b663b61ba94f0f
Chilli Mac,a01e0d22667c5969
Chocolate Banana Nice Cream,c07243b272b292ec
Chocolate Mousse,35db4cc235b8415f
Chocolate Peanut Butter Super Smoothie,52de5782c3697749
Citrus and Mint Salad,b8f1376bfb3bf3aa
Cocoa 'Nana Smoothie Bowl,0659397ff8538d7b
Coconut Curry Bowl,bfebbbda7aada01a
Coconut Oat Balls,8f3a64e4bf20b94e
"Coconut, Mango and Mint Smoothie Bowl",c9930edb777abd9b
Colourful Spring Green Wraps,3731f51eb2ad75f8
Creamy Chai Oats,38366dbc2f1a31d7
Creamy Coconut + Tomato Curry,bcb8ea32b98e6473
Creamy Coriander Salad,949a4da5eeeef757
Creamy Courgette Beanotto,263f64fa3f6875dc
Creamy Squash and Sage Gnocchi,da0557f3e9965984
Creamy Vegan Cauliflower Pasta Bake,4efbdadaf5435cb0
Crispy Baked Tofu,c4b4e14bc4668cfe
Crispy One-Pot Veggie Rice,bca8dc6e209d2d8b
Cumin-Roasted Carrots With Chickpeas And Tomatoes,956b0a576e913da2
Down 'N' Dirty Kale Salad,36c08755daeec37d
Easy Greens Soup,8a71e3e52add5265
Edamame Kale Salad,d3f3ea745497ea99
Edamame Pesto Pasta,959467f8637612b4
Ellie Breakfast Oats,72e0925228f8b279
Ellie Breakfast Porridge,a732fd36c9750d03
Ginger Broccoli Pasta Salad,5bfc0f7fcef0344d
Gingery Tomato Rice with Soy-Roasted Mushrooms,8250e4bf7c6fb162
Gluten-Free Pancakes,77318e69159faacc
Green Coconut Noodle Soup,19f689df9cb8dc62
Green Dal,a9202765e17b5b91
Green Herby Chicken,1079d78f87bf6c54
Grilled Chicken Burger with Mojo Verde,899640ce5e7d9ab0
Groundnut Stew: Sweet Potato in a Peanut and Tomato Sauce,a6b5ab2774bd4cf7
Gumbo,812d99ce1306fcdb
Harissa Chicken,c6cca8d997175f5a
Harissa Tomato Pasta Salad,46aeeaa6bbd26571
Healing Miso Soup,fb82866cae8f9883
Hearty Peanut Stew with Crispy Okra,3f4f62197c3d04d5
High-Protein Moroccan Inspired Chickpea Soup,3dc05d87acebb57c
"Immune-Boosting Ginger, Turmeric & Coconut Lentils",10a43b75ad4580df
Immunity Balls,67c6f79b13c8738f
Jamie Oliver's Eggplant Dhal with Handmade Chapatis,91be9ee76f5b7101
Jicama Fries,2447afa069b60d21
Kerryann’s Chilli Con Veggie,2d1d5d8962defe66
Kimchi Fried Rice,2fc6a9ea50691f0f
Kimchi Peanut Butter Toast,06e19d4b0f67465f
Lamb Ragu With Lots Of Herbs,70076a3bc96faa6b
Lebanese Dinner Party Chicken,562870f9e3408c3f
Lemon Chicken Orzo,abd60eb72292d980
Lemon Lentil Salad,b1b889ad89c33a39
Lemon-Ginger Tea,2d777cf4f339a3d9
Lentil Bolognese with Spaghetti Squash,1a75dbde3f901d69
Lentil Masala,9477f48c685a3c8f
Lentil Sloppy Joes,692c8e6261738f17
"Lentil Stew With Sausages, Crispy Walnuts And Lemon",42fed31e594b014b
Lentil-Sweet Potato Stew,bd163c47cd48672c
Lentil-Walnut Tacos / Sweet Potatoes,627b8f55ac59cc49
Lettuce Cups With Curried Tempeh And Chickpeas,3b4f71a15f6bbf5b
Macaroni Cheese,37b0a25089abba39
Mango and Kale Smoothie Bowl,185d19e005d82b38
Mary Berry (Sticky) Chicken,b9ee9d6c81c67dc9
Mary Berry Chicken With Asparagus And Lemon Creme Fraiche Sauce,10c196218999c3b3
Matcha Latte,cb53ac65abd2f6d9
Matt Breakfast Smoothie,9a12425a19cbaeaf
Mediterranean Grain Salad,fc9e146f6aa7180e
Meera Sodha’s Aubergine Katsu Curry with Pickled Radishes,6a0d5dacdb2554e8
Miso Biome Sipper,ebbacc1db739a0c3
Miso Mushroom Bean Bowl,9b28d49a9c9ea354
"Miso, Mushroom, and Soba Bowl",326fd6465683c436
Moroccan Chicken with Mash and Pittas,0090cdef17896c02
Moroccan Lentil Soup,0b7f3fa97af61670
Muhammara Dip,6d99cfe7822d4d05
Muhammara Sandwich,3468ada03d57a3e3
"Nigel Slater's, Pork with Cashew Nuts, Lime and Mint",80a1c70c3765ee2a
North African Squash and Chickpea Stew,20b61283805b85f2
Nourishing Tomato Noodle Soup,8448850116126fe6
One-Pot Chipotle Pasta with Smoky Seedy Topping,5e4e62c50de89f17
Oozy Butternut Orzo,9141f6eb1646198e
"Ottolenghi’s Orzo with Prawns, Tomato and Marinated Mozzarella",26974aba583145b9
Overnight Fruit And Nut Muesli,d8d3f415e46c4667
Overnight Oats With Banana,8284971de1787d84
Overnight Oats With Blueberries,fd3919e7d6eede18
Paella,a82606268e45995f
"Pan-Fried Gnocchi with Pancetta, Leeks & Peas",8448ee6b9e1e7a83
Paprika & Sun-Dried Tomato Beans with Tofu Feta,199d551a23f710c8
Pasta Alla Norma (Aubergine Pasta),4634e938d3005535
Pasta Sauce For Roasted Italian Medley,81aaee5f4af4a046
Peanut & Cucumber Ramen Noodle Salad,9b345b84cbc6badd
Peanut Butter Chilli Oil Noodles,727092b3c5ea5665
Peanut Sriracha Noodles,d6936a951bb1ca18
Peanutty Chicken Noodle Salad,408104c954f6ae9b
Peri Peri Chicken & Wild Rice,ecd87b79c0e95260
Pesto Pasta,0c0d2faf5f3c76be
Pesto Pasta Salad,b66004ac41de8b99
Plant-Powered Polenta Ragu,71fee17addb87843
Plant-Powered Trail Mix,d37d2f9b5438dc8f
Pressure Cooker Brown Rice,2d2a47040649f0df
Pumpkin Hummus,715ba484b3a16b2d
Pumpkin Pie for Breakfast Smoothie,e0aefe71512d0958
Pumpkin Seed Parmesan,d12771652f5adba6
Quick Coriander Chimichurri Sauce,98bb67fbea21dfb2
Quinoa Fried Rice,e31ed5a66978b453
Red Bean And Rocket Salad With Mango Balsamic Dressing,8657469af0904c79
Red Bean and Butternut Caldo Verde,1caf218ab291ef7b
Red Lentil Curry Soup,47d4aff4e72a1b15
Roast Sweet Potato with Chickpea & Coconut Curry,76815a1fcf003b78
Roasted Italian Medley,1c576950402ddf74
Salt and Pepper Chicken and Chips,ed722383e122055d
Satay Chicken Rice Bowls,f8e6d8f6ef3f4abe
Sausage + Butter Bean Stew,3befa032df8e594f
Sesame Noodle Meal Prep Bowl,2f54ac28d6dad6ec
Simple Overnight Oats,aa3b397a8cb26346
Simple Spaghetti With Garlicky Kale,c47f7e56bc3667b0
Simply Perfect Beef Spag Bol,10db7555da83d02a
Skyr granola bowl,fa8b3203f44e3d6b
Smashed Sichuan Chicken,4b82c331f199b1b0
Smoky Chipotle Chunky Squash Soup,9f4b57ea67be84d1
Soy Poached Chicken & Sesame Sauce,11a5a1503a00085d
Speedy Edamame,a7ebcd4de7785b05
Speedy Thai Red Curry Noodle Soup,14c4d439ec384534
Spicy Peanut Stew,4d83f77284e72ee6
Spicy Tofu Tacos,a3862b7150a7e584
Squash & Chickpea Traybake Curry with Coconut Milk,df3345bccd2a7f60
Sticky Tamarind Chicken,44694087aed809c2
Stuffed Sweet Potatoes,077b8626b6db9031
Sunday Pasta,fd7a1f90933cff59
Super Seedy Breakfast Porridge,9ef60e6c9cd580ee
Supercharged Miso Soup,a6d9c6aac2774399
Supercharged Roasted Roots,4328d0a004eb78b6
"Superfood Smoothie, With Bowl Option",b8eaf1f351732833
Sweet Potato And Black Bean Tacos,1bf60ccdfa230b4a
"Sweet Potato, Spinach & Chickpea Curry",b64bb577383ccdcf
Thai Green Chicken Curry,47eb1f8bf171eaeb
Thai Green Papaya Salad,7c92e356ddae1957
Thai Rainbow Bowls with Peanut Tofu,6993d22571c19486
The Daily Salad,cbf73756e005919a
The Green Drink,f5f3789faf31261c
Three-Bean Soup With Turmeric And Lentils,c16001d9b847cea4
Tofu Noodles,775268dc5db40ea4
Tomato Risotto with Saffron,cb6c6e9880e10c5b
Tuscan Kale Soup,5a39575df15e1c10
Udon Cucumber Salad,9fea4d23a84496fe
Vanilla Berry Overnight Oats,a9540c2f5f807c8f
Very Veggie Indian Curry,102837d7c706fa89
Weeknight Minestrone Soup,c64a482fbd954fa2
Wild Biome Super Soup,7eb31763b873e046
Zesty Lemon Chia Pudding,cc7dbe2c5dacc901
Zippy Coriander Bowl,7c3abd5135699bea
‘Heal Me’ Chicken Soup,1d170d060d86584b
