keyword,section
coconut milk,Tins & Pulses
coconut cream,Tins & Pulses
chopped tomatoes,Tins & Pulses
plum tomatoes,Tins & Pulses
passata,Tins & Pulses
baked beans,Tins & Pulses
frozen,Frozen
almond milk,Chilled
oat milk,Chilled
soy milk,Chilled
cashew milk,Chilled
plant milk,Chilled
yogurt,Chilled
yoghurt,Chilled
tofu,Chilled
tempeh,Chilled
vegan cheese,Chilled
vegan butter,Chilled
hummus,Chilled
oil,Oils & Condiments
vinegar,Oils & Condiments
soy sauce,Oils & Condiments
tamari,Oils & Condiments
mustard,Oils & Condiments
sauce,Oils & Condiments
paste,Herbs & Sauces
stock,Herbs & Sauces
miso,Herbs & Sauces
harissa,Herbs & Sauces
nutritional yeast,Nuts & Baking
flour,Nuts & Baking
baking powder,Nuts & Baking
protein,Nuts & Baking
oats,Grains & Pasta
granola,Grains & Pasta
noodles,Grains & Pasta
pasta,Grains & Pasta
bread,Grains & Pasta
tortilla,Grains & Pasta
rice,Grains & Pasta
